{
  "nodes": {
    "extract-audio#1": {
      "rfNode": {
        "position": {
          "x": 21.160267981216947,
          "y": -547.9789147917938
        }
      }
    },
    "split-by-stem#1": {
      "contentWidth": 450,
      "rfNode": {
        "position": {
          "x": 532.5154171451693,
          "y": -89.4406377952484
        }
      }
    }
  },
  "pseudoNodes": {
    "input": {
      "rfNode": {
        "position": {
          "x": -460.3081285419546,
          "y": -100
        }
      }
    },
    "output": {
      "rfNode": {
        "position": {
          "x": 1145.7642407049523,
          "y": 222.21568997936822
        }
      }
    }
  }
}