{
  "nodes": {
    "read_media_to_ffmpeg#1": {
      "contentWidth": 350,
      "rfNode": {
        "position": {
          "x": -351.2019692572251,
          "y": 29
        }
      }
    },
    "audio_video_separation#1": {
      "contentWidth": 418.8919806538622,
      "rfNode": {
        "position": {
          "x": 45.31433926483393,
          "y": -129.8595043207449
        }
      }
    },
    "split-by-vocal#1": {
      "contentWidth": 487.453125,
      "rfNode": {
        "position": {
          "x": 1016.9140723247608,
          "y": 85.5609596350116
        }
      }
    },
    "save_audio#1": {
      "contentWidth": 447.06350824621484,
      "rfNode": {
        "position": {
          "x": 510.3296873374527,
          "y": -129.8595043207449
        }
      }
    },
    "audio_preview#1": {
      "contentWidth": 450,
      "rfNode": {
        "position": {
          "x": 1568.6514733508704,
          "y": 54.67426332456483
        }
      }
    },
    "audio_preview#2": {
      "contentWidth": 450,
      "rfNode": {
        "position": {
          "x": 1568.6514733508704,
          "y": 464.65934944982513
        }
      }
    }
  }
}