{
  "nodes": {
    "split-by-vocal#2": {
      "contentWidth": 487.453125,
      "rfNode": {
        "position": {
          "x": 416,
          "y": 395.21542967794267
        }
      }
    }
  }
}