{
  "nodes": {
    "split-by-stem#1": {
      "contentWidth": 777.43359375,
      "rfNode": {
        "position": {
          "x": -21.242528474440405,
          "y": 621.6185260618304
        }
      }
    },
    "audio_preview#1": {
      "contentWidth": 450,
      "rfNode": {
        "position": {
          "x": 868.1444218145086,
          "y": 455.0490533299661
        }
      }
    },
    "audio_preview#2": {
      "contentWidth": 450,
      "rfNode": {
        "position": {
          "x": 868.1444218145086,
          "y": 905.6185260618304
        }
      }
    },
    "audio_preview#3": {
      "contentWidth": 450,
      "rfNode": {
        "position": {
          "x": 1496.75496717722,
          "y": 455.0490533299661
        }
      }
    },
    "audio_preview#4": {
      "contentWidth": 450,
      "rfNode": {
        "position": {
          "x": 1496.75496717722,
          "y": 914
        }
      }
    },
    "audio_preview#5": {
      "contentWidth": 450,
      "rfNode": {
        "position": {
          "x": 1496.75496717722,
          "y": 1357.2452666498305
        }
      }
    },
    "audio_preview#6": {
      "contentWidth": 450,
      "rfNode": {
        "position": {
          "x": 868.1444218145086,
          "y": 1357.2452666498305
        }
      }
    }
  }
}